volume,price,datetime
29621.5038,444.795,2014-04-03 18:41:37
11007.67943,495.66,2014-04-02 09:53:01
12389.94413,484.82,2014-04-01 07:34:32
16517.34544,445.0,2014-04-04 13:31:47
26190.54612,465.247,2014-04-01 02:09:10
16597.82244,492.983,2014-04-01 16:40:13
28030.79968,458.928,2014-03-31 20:13:43
17551.08639,441.952,2014-04-02 17:13:36
22403.64521,443.536,2014-04-03 22:03:37
16667.28855,490.033,2014-04-01 10:19:43
16791.04808,444.651,2014-04-04 15:32:01
31059.44414,463.0,2014-03-31 16:28:23
14386.84906,480.92,2014-04-02 06:57:50
16343.1317,488.001,2014-04-01 20:11:56
30110.60513,468.0,2014-03-31 17:03:26
27549.24896,447.0,2014-04-03 19:18:16
16429.02142,485.1,2014-04-01 14:30:04
20560.43036,439.0,2014-04-04 01:00:19
11829.35681,483.94,2014-04-02 13:18:17
28352.27441,460.385,2014-03-31 19:28:38
16947.64372,490.0,2014-04-01 11:39:50
20639.46034,427.0,2014-04-02 17:53:39
17174.4805,488.101,2014-04-01 22:07:06
22526.93829,446.499,2014-04-03 21:08:30
15182.45347,478.381,2014-04-02 06:07:46
30083.60151,467.0,2014-03-31 17:08:26
16664.6022,434.0,2014-04-04 13:41:48
12457.46616,480.0,2014-04-01 07:14:32
17297.56023,443.999,2014-04-04 15:01:58
13458.02075,482.9,2014-04-02 07:22:53
36933.63089,442.5,2014-04-03 16:16:24
23730.70329,459.941,2014-03-31 22:23:52
37451.63758,454.269,2014-03-31 11:18:01
14306.57039,448.0,2014-04-04 16:42:09
31820.29699,432.958,2014-04-02 23:04:11
15113.70606,480.07,2014-04-02 04:57:42
16672.43831,484.3,2014-04-01 15:30:07
38339.08576,427.973,2014-04-03 14:45:46
32733.04476,467.158,2014-03-31 15:48:21
19051.77353,425.102,2014-04-02 17:28:37
16652.28519,480.002,2014-04-01 20:51:59
21899.32299,445.275,2014-04-03 23:03:46
27995.14468,459.66,2014-03-31 20:23:43
18862.21972,477.396,2014-04-01 23:37:20
16464.5524,482.249,2014-04-01 14:35:04
34201.07775,462.014,2014-03-31 14:08:14
11604.53444,484.0,2014-04-02 12:38:15
26217.85274,441.5,2014-04-03 19:43:18
16933.79234,490.99,2014-04-01 11:44:50
11486.15347,486.49,2014-04-02 12:23:12
36632.08181,461.0,2014-03-31 12:53:08
16660.74891,486.785,2014-04-01 17:46:44
37255.92709,429.0,2014-04-03 15:00:49
15162.91474,478.95,2014-04-02 05:57:47
23428.13162,456.639,2014-03-31 22:38:54
11780.2925,478.326,2014-04-02 12:43:15
28025.07883,457.5,2014-03-31 20:08:42
16411.6447,490.4,2014-04-01 16:10:10
15038.88733,480.385,2014-04-02 06:42:49
37495.29451,451.0,2014-03-31 11:48:03
16459.87249,483.002,2014-04-01 13:04:57
35659.85552,455.001,2014-03-31 05:42:36
19605.97629,444.99,2014-04-04 08:01:05
15860.06047,453.0,2014-04-02 16:28:31
16409.79603,482.3,2014-04-01 20:46:59
11855.56106,477.0,2014-04-01 06:49:30
35029.30133,422.001,2014-04-03 06:04:54
30426.05776,458.814,2014-03-31 04:57:33
12493.84083,483.07,2014-04-02 08:52:58
26033.47271,469.487,2014-04-01 03:54:18
37810.4628,422.52,2014-04-03 09:45:14
16224.8602,449.711,2014-04-04 13:11:45
37045.45404,454.432,2014-03-31 09:07:51
16381.14668,486.87,2014-04-01 13:49:59
26877.79294,466.166,2014-04-01 01:04:04
14415.77737,458.297,2014-04-02 15:03:26
34338.55195,442.333,2014-04-03 17:56:33
22303.59742,479.001,2014-03-31 03:52:30
15779.1659,482.74,2014-04-02 02:27:32
39727.26316,430.0,2014-04-03 13:25:39
25958.32027,467.304,2014-04-01 02:59:14
16903.60383,441.21,2014-04-04 13:46:49
18230.46142,479.0,2014-04-02 00:07:20
18824.36322,439.0,2014-04-04 09:46:17
22279.72357,483.99,2014-03-31 03:47:29
39744.89773,430.144,2014-04-03 13:40:40
14795.76788,491.995,2014-04-01 09:19:39
35226.45042,421.0,2014-04-03 06:39:58
16628.31496,492.0,2014-04-01 17:05:28
37453.95127,452.9,2014-03-31 11:33:03
18832.84761,439.901,2014-04-04 09:41:16
12857.97003,484.026,2014-04-02 08:32:58
37192.54668,452.339,2014-03-31 07:07:42
17288.14041,446.9,2014-04-04 14:51:57
39752.34374,436.9,2014-04-03 12:25:32
16571.71627,467.634,2014-04-01 05:14:23
25668.69597,443.977,2014-04-03 19:53:20
16665.12999,489.795,2014-04-01 17:20:37
37782.58525,456.75,2014-03-31 07:42:44
18801.18689,440.737,2014-04-04 10:01:18
21832.826,444.797,2014-04-04 00:18:53
24657.10265,472.369,2014-04-01 04:14:19
27972.74212,455.01,2014-03-31 20:33:44
15431.81747,453.101,2014-04-02 15:43:30
38998.57678,427.938,2014-04-03 11:00:21
15699.36279,482.0,2014-04-02 03:07:34
22360.70994,443.536,2014-04-03 22:13:38
14112.89187,444.161,2014-04-04 16:52:10
37497.67904,450.001,2014-03-31 10:17:57
25942.88537,468.111,2014-04-01 03:04:13
17460.38824,449.0,2014-04-04 10:46:21
13793.12955,481.0,2014-04-02 08:12:56
16863.79815,485.0,2014-04-01 10:59:47
36860.12239,424.484,2014-04-03 10:10:16
11137.10239,491.5,2014-04-02 11:13:07
17410.67231,479.01,2014-04-02 00:22:22
36933.20934,452.66,2014-03-31 06:42:40
19159.72263,440.49,2014-04-04 09:01:13
26743.7502,466.999,2014-04-01 00:49:04
32897.36739,436.995,2014-04-02 22:24:09
22541.55077,434.0,2014-04-04 06:40:57
15784.90655,481.966,2014-04-02 01:27:28
36946.14967,412.939,2014-04-03 07:30:01
37206.81032,455.0,2014-03-31 08:52:49
39695.96526,439.0,2014-04-03 12:35:33
28084.63631,458.162,2014-03-31 19:58:42
19424.16849,443.365,2014-04-04 08:26:09
27006.46754,460.636,2014-03-31 04:32:33
18463.0262,484.099,2014-04-01 22:57:15
17256.98642,444.95,2014-04-04 14:36:54
22311.44569,440.174,2014-04-03 22:28:40
18362.17626,429.999,2014-04-02 17:23:37
16693.35079,491.7,2014-04-01 10:24:43
37463.44074,452.99,2014-03-31 11:28:02
37786.39431,435.0,2014-04-03 10:30:19
28926.58868,451.1,2014-04-03 19:01:42
25907.68587,469.0,2014-04-01 03:34:15
34641.46038,462.418,2014-03-31 13:18:10
13597.01736,479.002,2014-04-02 07:42:54
14639.48572,461.449,2014-04-02 15:13:27
18047.40009,446.113,2014-04-04 10:26:19
28208.53858,458.995,2014-03-31 19:43:39
23382.18089,459.999,2014-03-31 22:58:55
39724.92152,429.95,2014-04-03 13:35:40
18076.48422,480.387,2014-04-01 22:42:13
22206.51509,477.731,2014-03-31 02:57:26
19571.71954,437.0,2014-04-04 03:05:33
21990.10713,446.74,2014-04-03 22:48:43
11522.50072,483.0,2014-04-02 12:28:12
16574.06546,492.1,2014-04-01 16:45:13
17366.01009,437.48,2014-04-02 17:08:36
25007.94426,472.371,2014-04-01 04:09:19
35043.6741,425.696,2014-04-03 05:04:48
23255.41202,465.81,2014-03-30 23:57:12
15439.7573,482.0,2014-04-02 04:02:39
23719.76043,461.228,2014-03-31 23:08:56
35519.83243,415.113,2014-04-03 07:15:00
22215.55619,436.001,2014-04-04 06:25:56
22299.10645,478.003,2014-03-31 02:37:24
16885.77828,487.611,2014-04-01 11:19:49
33248.56918,423.951,2014-04-03 02:04:26
25757.68363,456.999,2014-03-31 21:48:51
33350.00814,432.23,2014-04-02 21:04:02
11347.82933,491.126,2014-04-02 10:48:06
37850.13713,421.0,2014-04-03 09:35:13
22100.47981,470.0,2014-03-31 00:27:16
15793.25486,480.35,2014-04-02 01:02:25
38457.72279,417.103,2014-04-03 08:50:09
26136.03484,457.736,2014-03-31 21:13:46
20269.1385,445.0,2014-04-04 07:46:04
22549.31035,446.7,2014-04-03 21:13:31
16400.78321,487.55,2014-04-01 19:36:54
33205.86388,426.413,2014-04-03 01:59:26
18984.26725,429.97,2014-04-04 04:25:43
24247.75362,465.01,2014-03-30 23:22:10
37988.60826,420.01,2014-04-03 09:25:12
25944.32387,468.666,2014-04-01 03:09:13
34391.61523,428.09,2014-04-03 03:59:41
16586.14968,482.99,2014-04-01 14:40:04
37252.91914,453.94,2014-03-31 07:12:42
20313.64579,441.987,2014-04-04 01:45:23
16730.63242,479.001,2014-04-02 00:42:24
22282.06891,484.0,2014-03-31 03:27:28
19128.25591,432.781,2014-04-04 05:10:49
11846.55903,482.013,2014-04-02 13:23:17
38353.77701,419.0,2014-04-03 08:45:08
26077.92952,465.248,2014-04-01 02:19:10
16011.01653,445.776,2014-04-04 16:07:05
39632.7636,434.708,2014-04-03 11:55:26
16555.4744,484.002,2014-04-01 12:49:54
22334.97064,481.814,2014-03-31 02:42:25
19360.88556,436.01,2014-04-04 03:50:39
22549.83521,447.665,2014-04-03 20:48:28
33197.9845,424.961,2014-04-03 01:54:25
25976.44354,465.247,2014-04-01 02:49:13
32751.75231,467.4,2014-03-31 15:33:19
32852.23817,435.0,2014-04-02 21:19:02
11138.2178,493.9,2014-04-02 11:28:08
35004.88202,426.034,2014-04-03 04:44:47
32359.11576,424.083,2014-04-03 00:39:20
16364.13297,488.0,2014-04-01 20:01:55
37338.36148,444.0,2014-04-03 16:21:23
19125.02826,432.558,2014-04-04 05:15:49
36694.34443,450.1,2014-03-31 06:12:38
33598.3992,435.0,2014-04-02 20:33:58
28110.85609,457.5,2014-03-31 19:53:41
20085.03346,425.027,2014-04-04 05:50:52
15392.26759,484.799,2014-04-02 04:07:38
36941.51797,452.658,2014-03-31 06:37:40
12212.16635,468.995,2014-04-01 05:59:25
34956.52817,426.386,2014-04-03 05:34:51
17507.16868,479.5,2014-04-02 00:17:22
33184.19031,423.75,2014-04-03 01:14:23
16356.73783,486.064,2014-04-01 19:16:52
22001.36034,485.45,2014-03-31 01:57:22
19128.34942,431.12,2014-04-04 05:05:47
26061.15595,458.722,2014-03-31 21:28:47
14663.77879,459.0,2014-04-02 15:18:27
21780.64431,444.18,2014-04-03 23:38:48
19031.56277,430.78,2014-04-04 04:35:44
16358.11688,488.0,2014-04-01 20:16:56
34130.7011,424.0,2014-04-03 03:34:38
31003.41916,452.505,2014-03-31 05:07:33
14173.54166,458.597,2014-04-02 14:58:26
36146.20242,412.16,2014-04-03 07:20:00
32971.88433,437.721,2014-04-02 22:14:06
30552.85684,465.999,2014-03-31 16:38:25
21697.38454,434.99,2014-04-04 06:20:56
21914.25716,478.85,2014-03-31 01:22:19
16282.56159,485.537,2014-04-01 20:41:58
19057.18203,430.5,2014-04-04 04:40:44
37570.55856,446.625,2014-04-03 17:06:28
11251.06256,492.0,2014-04-02 12:03:12
13651.28638,490.8,2014-04-01 08:34:37
22231.54018,480.733,2014-03-31 02:32:23
35302.92872,416.444,2014-04-03 06:44:58
38170.32925,418.9,2014-04-03 09:15:11
26425.06704,440.0,2014-04-02 18:53:46
24103.73042,460.46,2014-03-31 23:49:00
22108.84756,481.574,2014-03-31 02:12:22
16764.96752,449.301,2014-04-04 11:56:28
16366.91437,488.001,2014-04-01 20:06:55
11846.79509,492.31,2014-04-02 09:38:00
19534.04993,435.999,2014-04-04 03:30:36
35145.11877,465.0,2014-03-31 13:03:08
32955.58681,426.1,2014-04-03 00:59:20
29650.34495,463.1,2014-03-31 17:38:29
38190.64798,419.0,2014-04-03 08:30:07
16444.76699,486.659,2014-04-01 18:46:48
37132.60975,451.99,2014-03-31 09:27:51
17267.92278,445.44,2014-04-04 15:06:59
22940.55618,441.877,2014-04-02 18:13:40
18752.41265,479.914,2014-04-01 23:52:21
14436.64227,487.0,2014-04-01 09:14:39
38755.19323,432.37,2014-04-03 10:50:21
37218.87037,454.936,2014-03-31 08:57:49
12860.59796,468.498,2014-04-02 14:23:22
16370.75348,485.9,2014-04-01 13:09:57
39644.40837,428.5,2014-04-03 11:50:26
14757.84713,446.4,2014-04-04 16:27:06
33170.25266,461.799,2014-03-31 15:03:17
16499.13954,488.989,2014-04-01 18:31:47
16731.96294,487.0,2014-04-01 10:44:45
21546.33022,437.67,2014-04-04 00:30:16
37615.55431,457.485,2014-03-31 07:57:45
15182.37515,476.5,2014-04-02 06:02:45
33440.55478,440.0,2014-04-03 18:06:34
12442.23309,482.0,2014-04-01 07:29:31
15172.18745,480.299,2014-04-02 06:27:47
17295.54732,444.54,2014-04-04 14:46:57
36880.48915,449.327,2014-03-31 06:27:39
23123.00978,444.1,2014-04-03 20:28:26
16385.61389,484.999,2014-04-01 14:10:01
36832.80397,421.2,2014-04-03 10:05:16
17098.5873,487.386,2014-04-01 21:17:02
30042.34869,465.014,2014-03-31 17:13:27
11340.28474,494.0,2014-04-02 10:28:04
34313.8935,459.874,2014-03-31 13:43:13
30381.03843,443.398,2014-04-03 18:31:36
16678.00738,490.005,2014-04-01 10:34:44
20396.79548,440.11,2014-04-04 01:15:21
15776.49265,484.999,2014-04-02 02:32:32
37501.80812,452.994,2014-03-31 10:52:59
16230.56771,444.43,2014-04-04 15:52:03
13233.44273,499.502,2014-04-01 08:19:35
12196.64019,479.39,2014-04-01 07:04:31
31831.16521,443.0,2014-04-03 18:16:35
13516.85643,486.0,2014-04-02 07:32:52
32782.35473,469.0,2014-03-31 15:58:21
12361.73765,476.089,2014-04-01 07:09:32
17220.58411,443.4,2014-04-04 14:26:54
11378.6595,492.464,2014-04-02 10:43:06
16632.58068,479.09,2014-04-01 14:55:05
38179.32869,427.43,2014-04-03 14:50:49
19548.37888,433.679,2014-04-02 17:33:37
15631.90893,483.0,2014-04-02 03:32:36
34205.06175,463.0,2014-03-31 14:13:15
16906.57905,455.0,2014-04-04 11:26:26
17864.43384,469.463,2014-04-01 05:04:21
18651.21919,444.0,2014-04-04 10:16:18
15462.64024,482.001,2014-04-02 03:52:38
39190.19501,434.338,2014-04-03 11:15:22
32734.38207,469.0,2014-03-31 15:53:21
35448.61923,442.5,2014-04-03 17:36:31
25989.55469,465.247,2014-04-01 02:44:13
16438.41976,450.559,2014-04-04 12:21:32
37619.49605,454.0,2014-03-31 08:07:46
15444.07723,482.0,2014-04-02 03:57:39
33061.63842,437.999,2014-04-02 22:04:07
16353.30839,487.999,2014-04-01 16:00:09
34306.66135,458.971,2014-03-31 13:48:14
39638.36219,430.484,2014-04-03 13:05:37
16783.38302,484.499,2014-04-01 12:24:54
30146.4684,468.0,2014-03-31 16:58:26
11878.94289,481.5,2014-04-02 12:58:16
16813.54578,453.0,2014-04-04 11:36:27
23480.31143,456.084,2014-03-31 22:28:54
26330.54918,465.0,2014-04-01 01:54:08
37931.35864,444.999,2014-04-03 16:36:25
15641.66471,482.0,2014-04-02 03:37:36
22972.97642,467.173,2014-03-31 00:07:14
19820.28966,435.002,2014-04-04 02:45:31
22404.05892,443.536,2014-04-03 22:08:37
11400.80335,491.126,2014-04-02 10:38:05
32476.75933,430.0,2014-04-02 22:39:09
16644.16367,491.026,2014-04-01 10:04:43
13159.75914,472.0,2014-04-02 14:43:24
25979.44717,466.0,2014-04-01 02:39:13
34508.36116,434.257,2014-04-03 04:09:42
24080.68758,464.423,2014-03-30 23:32:11
16414.84586,487.0,2014-04-01 18:51:50
33174.26855,423.687,2014-04-03 01:29:24
26154.87031,456.78,2014-03-31 21:08:46
32965.60834,438.0,2014-04-02 21:39:03
35084.50422,421.021,2014-04-03 06:14:55
19482.20376,436.022,2014-04-04 03:35:36
21196.28559,437.412,2014-04-04 00:40:16
21581.2858,469.416,2014-03-31 00:47:16
16861.9011,484.0,2014-04-01 10:54:47
32377.54963,422.77,2014-04-03 00:44:21
28376.4145,456.99,2014-03-31 18:58:36
26893.05971,447.3,2014-04-02 19:03:45
13982.57854,479.01,2014-04-02 07:57:55
35013.69252,426.224,2014-04-03 04:49:47
23052.35103,464.112,2014-03-31 00:02:14
18817.16598,479.101,2014-04-01 23:32:19
34326.51884,427.97,2014-04-03 03:54:41
33335.54974,432.04,2014-04-02 20:59:00
28387.22025,457.989,2014-03-31 19:03:36
22356.53006,433.0,2014-04-04 06:30:56
22677.3286,447.869,2014-04-03 20:38:26
16464.13038,483.003,2014-04-01 15:40:08
31395.16005,433.51,2014-04-02 23:34:13
19985.05625,438.446,2014-04-04 02:25:28
24200.45203,469.27,2014-03-30 22:32:05
35351.93571,420.21,2014-04-03 06:54:59
12553.23642,467.0,2014-04-02 14:08:20
26006.09786,461.29,2014-04-01 00:39:02
32857.63912,434.343,2014-04-02 21:24:02
34023.00937,421.104,2014-04-03 03:09:36
16700.28635,486.32,2014-04-01 12:34:54
22175.55675,481.005,2014-03-31 02:52:26
20637.92379,438.44,2014-04-04 00:55:19
33093.0809,430.009,2014-04-02 20:23:57
18735.39916,482.001,2014-04-01 23:07:15
21709.21926,467.916,2014-03-31 00:37:15
21853.92718,444.17,2014-04-03 23:23:47
19079.67518,432.582,2014-04-04 04:55:46
12543.10356,482.843,2014-04-02 08:47:57
38041.13854,414.999,2014-04-03 08:10:05
23726.53824,457.57,2014-03-31 23:13:57
33471.96345,436.0,2014-04-02 20:48:59
17263.84909,446.926,2014-04-04 14:41:55
33691.20296,419.2,2014-04-03 02:44:33
15358.39149,490.0,2014-04-01 09:34:40
21898.70427,478.0,2014-03-31 01:32:21
19489.15091,438.2,2014-04-04 03:15:35
29333.23326,444.509,2014-04-03 18:46:38
32302.50471,430.414,2014-04-02 22:54:10
24008.1869,460.0,2014-03-31 23:38:59
34791.05732,464.415,2014-03-31 13:13:10
30425.78911,435.216,2014-04-02 19:53:53
31620.81557,433.25,2014-04-03 00:14:18
14034.12827,479.9,2014-04-02 08:02:54
33990.3845,426.789,2014-04-03 03:04:36
31460.3343,437.204,2014-04-02 23:49:16
16641.79754,488.999,2014-04-01 17:30:38
36861.57271,438.99,2014-04-03 15:30:52
19548.07057,437.0,2014-04-04 03:25:35
22186.00872,480.0,2014-03-31 03:02:26
30606.26549,430.656,2014-04-02 19:58:54
29290.7891,462.006,2014-03-31 17:53:30
19837.60088,436.856,2014-04-04 02:40:30
17095.67546,485.548,2014-04-01 21:22:03
22299.10017,470.99,2014-03-31 00:22:15
30185.61086,436.741,2014-04-02 19:48:53
25964.56677,455.6,2014-03-31 21:33:47
35027.1387,425.169,2014-04-03 04:54:47
18703.96777,479.195,2014-04-01 23:57:21
31617.88885,436.8,2014-04-03 00:09:18
16432.38924,483.003,2014-04-01 15:45:08
21624.95331,469.112,2014-03-31 00:52:17
18937.78762,431.458,2014-04-04 04:30:43
28279.25788,460.784,2014-03-31 19:38:38
12244.68586,472.1,2014-04-02 13:58:20
22506.93681,444.947,2014-04-03 21:03:30
20195.97703,442.35,2014-04-04 02:00:27
16434.53045,483.873,2014-04-01 14:20:01
33854.55885,422.999,2014-04-03 02:54:33
22227.03132,482.983,2014-03-31 02:27:23
11880.03982,481.0,2014-04-02 13:43:19
34953.12179,426.887,2014-04-03 05:24:50
27553.66131,441.0,2014-04-02 19:08:46
33947.8948,462.41,2014-03-31 14:28:16
19593.16303,437.746,2014-04-04 03:00:32
23798.76761,463.679,2014-03-30 23:37:11
16362.7267,488.1,2014-04-01 19:51:53
31934.12398,429.196,2014-04-03 00:29:18
19539.17925,438.494,2014-04-04 03:10:33
38301.72214,444.85,2014-04-03 16:51:26
11369.94055,493.337,2014-04-02 10:18:03
19163.92329,470.19,2014-04-01 04:49:20
33257.2552,436.039,2014-04-02 20:28:57
23574.25449,463.679,2014-03-30 23:42:11
33560.15949,416.31,2014-04-03 02:29:30
35403.22361,419.7,2014-04-03 07:05:00
14733.38974,456.6,2014-04-02 15:28:28
26112.46522,458.964,2014-03-31 21:23:47
21889.45119,470.186,2014-03-31 00:32:15
19379.40318,442.951,2014-04-04 08:31:09
16461.70445,486.659,2014-04-01 18:41:48
31739.13011,429.01,2014-04-03 00:24:19
12805.7511,485.686,2014-04-02 08:37:56
20193.21335,439.4,2014-04-04 02:05:27
37616.52192,454.999,2014-03-31 12:08:04
32232.76703,430.181,2014-04-02 22:44:09
32490.63169,468.999,2014-03-31 16:08:22
34483.5244,428.894,2014-04-03 04:04:41
16382.53259,488.579,2014-04-01 13:34:58
37293.26501,454.175,2014-03-31 08:42:48
16398.53781,452.99,2014-04-04 12:31:41
19742.99204,433.0,2014-04-02 17:38:38
17079.26665,487.858,2014-04-01 21:52:04
12370.70157,481.0,2014-04-01 08:04:35
38466.14195,418.1,2014-04-03 08:55:09
37326.46788,452.811,2014-03-31 08:17:47
11142.81216,490.422,2014-04-02 11:03:06
16754.88267,489.922,2014-04-01 10:09:42
37612.39424,432.117,2014-04-03 10:25:18
16405.2967,446.272,2014-04-04 13:21:46
37545.04087,450.172,2014-03-31 12:03:04
16672.85893,483.949,2014-04-01 15:25:07
26012.2997,466.5,2014-04-01 02:34:11
22118.72337,444.44,2014-04-03 22:43:43
35792.64182,452.25,2014-03-31 05:47:36
15160.41732,478.301,2014-04-02 04:37:40
35197.22289,443.322,2014-04-03 17:41:32
11835.3795,469.835,2014-04-01 06:09:27
15302.38496,482.0,2014-04-02 04:22:40
17113.12932,442.879,2014-04-04 14:11:51
33984.2115,455.108,2014-03-31 05:32:37
34832.21221,443.4,2014-04-03 17:46:32
16847.80798,486.0,2014-04-01 11:04:48
36805.33722,414.699,2014-04-03 07:35:02
16651.57355,487.998,2014-04-01 18:01:46
33054.87081,461.104,2014-03-31 15:08:18
16468.81793,443.9,2014-04-04 15:47:03
11590.77837,490.0,2014-04-02 09:43:00
37437.50698,448.497,2014-03-31 10:07:55
14113.20251,446.5,2014-04-04 16:47:10
39256.09511,427.278,2014-04-03 14:05:43
12545.60371,485.0,2014-04-01 07:19:32
21876.01262,445.313,2014-04-03 23:08:45
16647.79756,487.305,2014-04-01 21:07:01
37424.31327,449.998,2014-03-31 10:02:54
17303.85885,446.72,2014-04-04 10:56:22
11853.3633,479.82,2014-04-01 06:54:30
26905.14559,465.5,2014-04-01 00:59:05
36950.16904,429.664,2014-04-03 15:10:50
15134.89298,480.998,2014-04-02 05:22:43
21595.01053,446.398,2014-04-04 00:03:52
33271.44576,461.0,2014-03-31 14:58:17
11676.2622,471.0,2014-04-01 06:24:28
16592.01212,453.672,2014-04-04 12:11:31
12433.82139,487.0,2014-04-02 09:07:59
16905.96802,490.055,2014-04-01 12:04:51
39663.93002,435.0,2014-04-03 12:40:35
15864.65642,452.333,2014-04-02 16:33:34
15744.3332,485.0,2014-04-02 02:37:33
37358.18902,449.572,2014-03-31 09:57:54
17910.34036,447.741,2014-04-04 10:31:19
23824.97976,471.995,2014-04-01 04:24:19
18815.08047,439.45,2014-04-04 09:56:17
15788.63504,484.663,2014-04-02 02:12:31
38355.32444,418.001,2014-04-03 09:00:09
37537.36458,458.704,2014-03-31 12:18:05
36903.60543,440.999,2014-04-03 15:56:20
26463.449,467.29,2014-04-01 01:29:06
18984.78772,441.5,2014-04-04 09:31:15
36842.82051,450.439,2014-03-31 06:22:38
15790.63025,484.398,2014-04-02 01:37:29
29634.81204,440.154,2014-04-02 19:38:52
16391.4828,483.5,2014-04-01 14:05:00
37503.79762,458.0,2014-03-31 12:23:06
39500.17475,434.879,2014-04-03 11:30:23
22563.13542,445.0,2014-04-03 21:33:34
14902.09256,467.99,2014-04-01 05:24:24
33411.62765,461.0,2014-03-31 14:53:17
12390.18439,488.89,2014-04-02 09:02:59
15748.40095,457.169,2014-04-02 16:13:31
17271.61086,449.395,2014-04-04 11:06:23
27444.38083,456.0,2014-03-31 20:38:44
24175.33864,461.854,2014-03-31 23:58:59
38575.90934,428.7,2014-04-03 14:35:46
16559.65066,480.0,2014-04-02 00:47:24
22273.34672,483.17,2014-03-31 03:42:29
19385.95181,432.0,2014-04-04 05:25:49
12998.33329,464.27,2014-04-02 14:28:22
16355.46348,488.49,2014-04-01 19:21:52
12082.23167,471.7,2014-04-01 06:04:26
34946.54463,424.68,2014-04-03 05:44:52
22261.7265,485.07,2014-03-31 03:22:27
14787.15995,480.1,2014-04-02 06:47:49
25603.87434,458.639,2014-04-01 00:29:02
37777.77907,418.031,2014-04-03 07:50:04
19481.62587,442.9,2014-04-04 08:21:08
30677.07754,455.002,2014-03-31 05:02:33
16746.70272,483.3,2014-04-01 12:29:54
23425.45004,459.79,2014-03-31 22:43:54
11246.54762,492.105,2014-04-02 11:38:10
39645.67089,431.722,2014-04-03 13:15:38
21897.50901,480.0,2014-03-31 01:47:22
15781.23051,485.6,2014-04-02 01:57:29
39698.2867,433.787,2014-04-03 12:05:31
24053.45007,457.076,2014-03-31 23:43:59
17196.30563,449.99,2014-04-04 11:01:23
21790.50848,444.17,2014-04-03 23:33:49
18858.02187,481.5,2014-04-01 23:27:17
22460.34746,436.4,2014-04-04 06:50:58
21884.4628,479.976,2014-03-31 01:37:19
39615.8536,429.277,2014-04-03 11:45:26
14306.44556,469.0,2014-04-01 05:34:25
35081.09137,423.999,2014-04-03 06:09:55
16658.13741,493.0,2014-04-01 16:15:10
37289.8605,455.546,2014-03-31 08:27:47
22466.59835,434.018,2014-04-04 06:55:59
15732.34808,483.0,2014-04-02 02:52:34
32792.52381,459.0,2014-03-31 05:17:36
21050.47917,440.5,2014-04-04 07:31:03
39006.05457,431.999,2014-04-03 11:05:22
26056.64715,472.076,2014-04-01 03:44:17
37555.5778,429.705,2014-04-03 14:55:49
16434.68331,488.0,2014-04-01 13:29:57
33887.03338,457.899,2014-03-31 05:27:36
19125.87264,441.999,2014-04-04 08:56:11
21965.30916,447.879,2014-04-03 22:53:44
25909.6117,468.889,2014-04-01 03:24:16
28496.23229,456.569,2014-03-31 18:43:14
13134.59445,465.9,2014-04-02 14:33:23
37694.13178,415.001,2014-04-03 07:55:04
18403.12659,478.79,2014-04-01 22:52:15
36012.89758,441.5,2014-04-03 17:26:29
16860.61061,452.87,2014-04-04 11:21:25
37802.65286,456.14,2014-03-31 07:32:43
24007.82336,460.676,2014-03-31 23:33:59
19153.99443,441.301,2014-04-04 08:46:10
13809.389,482.809,2014-04-02 07:17:51
37316.98936,450.001,2014-03-31 09:47:54
12428.92571,481.14,2014-04-01 07:49:33
38263.15448,419.0,2014-04-03 09:05:10
15544.51481,482.0,2014-04-02 03:42:38
17187.74116,492.0,2014-04-01 22:12:07
28449.10761,461.999,2014-03-31 04:42:32
20061.76152,445.378,2014-04-04 07:51:06
24419.37058,457.8,2014-03-31 22:03:50
15879.16777,452.897,2014-04-02 16:08:31
19750.04459,424.352,2014-04-04 05:45:51
15782.86514,480.0,2014-04-02 00:57:24
34903.45169,429.005,2014-04-03 04:19:43
36025.13583,450.546,2014-03-31 05:52:37
15823.5448,449.582,2014-04-02 16:03:29
37473.47399,437.799,2014-04-03 10:20:17
28757.56848,459.9,2014-03-31 18:23:32
22428.47858,440.94,2014-04-04 07:16:03
22215.43412,482.657,2014-03-31 02:17:22
17066.27268,486.92,2014-04-01 21:37:03
20020.73014,447.0,2014-04-04 07:56:05
22491.77638,442.256,2014-04-03 21:48:35
11246.86904,492.0,2014-04-02 12:18:13
16341.09891,489.681,2014-04-01 09:54:42
23996.13858,469.0,2014-03-31 04:17:31
35437.32106,419.0,2014-04-03 07:10:00
36971.27268,434.898,2014-04-03 15:25:51
26107.49911,465.41,2014-04-01 00:44:03
37534.41975,453.338,2014-03-31 10:22:58
14540.28892,447.147,2014-04-04 16:32:07
18554.61085,479.905,2014-04-02 00:02:22
11857.43316,482.2,2014-04-02 12:48:15
19131.23827,442.0,2014-04-04 08:51:10
28539.14834,458.997,2014-03-31 18:38:34
33160.5905,422.952,2014-04-03 01:24:23
24793.14828,455.508,2014-03-31 21:58:50
37899.06148,432.49,2014-04-03 10:35:19
16362.53327,489.99,2014-04-01 19:56:54
37507.11692,452.011,2014-03-31 10:47:59
15720.78558,445.09,2014-04-04 16:12:05
29875.8822,434.88,2014-04-02 19:43:52
15734.01173,482.017,2014-04-02 02:47:33
16751.65188,484.01,2014-04-01 10:49:46
39604.92631,429.5,2014-04-03 12:55:36
34441.57945,462.985,2014-03-31 13:28:11
15835.01656,452.65,2014-04-02 16:18:32
16598.60214,492.01,2014-04-01 16:50:13
37414.03941,446.2,2014-04-03 17:11:28
30453.35873,466.14,2014-03-31 16:43:25
16271.46524,486.147,2014-04-01 20:31:57
16424.16808,489.998,2014-04-01 13:19:57
37167.15493,448.35,2014-03-31 09:37:53
11975.86175,489.999,2014-04-02 09:28:00
29259.17547,447.001,2014-04-03 18:51:40
14152.63197,489.925,2014-04-01 08:59:38
14013.63423,480.0,2014-04-02 08:07:56
37799.03499,456.001,2014-03-31 07:37:44
22413.56999,443.989,2014-04-03 21:58:38
16603.79694,481.447,2014-04-01 14:45:04
39616.16286,431.8,2014-04-03 13:00:37
15788.96974,484.0,2014-04-02 01:52:30
29979.58848,465.014,2014-03-31 17:28:28
11192.06823,493.999,2014-04-02 11:23:10
33058.31345,462.5,2014-03-31 15:13:18
22529.72917,446.79,2014-04-03 20:58:29
16662.19755,478.55,2014-04-01 15:00:05
20331.70289,440.221,2014-04-04 01:35:23
15176.19435,480.0,2014-04-02 06:22:49
37457.51494,452.1,2014-03-31 11:23:02
16155.26916,483.086,2014-04-01 09:49:42
15158.08873,494.51,2014-04-01 09:29:40
22088.50729,444.0,2014-04-03 22:33:40
12729.15757,482.127,2014-04-02 08:42:57
29554.81211,464.777,2014-03-31 17:48:30
12407.60502,481.768,2014-04-01 07:54:34
11856.4558,482.8,2014-04-02 12:53:16
16643.30053,486.054,2014-04-01 17:35:38
37885.3709,442.763,2014-04-03 16:31:24
15078.79314,479.111,2014-04-02 05:12:43
33527.11426,460.798,2014-03-31 14:48:17
16345.49622,453.5,2014-04-04 12:41:43
12715.31692,470.875,2014-04-01 05:49:25
16422.45234,444.0,2014-04-04 13:26:47
15180.97153,479.889,2014-04-02 06:12:48
36884.02776,438.708,2014-04-03 15:35:52
28064.43181,459.0,2014-03-31 20:03:42
27008.95566,441.0,2014-04-03 19:28:17
24333.05741,472.12,2014-04-01 04:19:19
17148.85569,442.0,2014-04-04 14:16:51
37052.71354,452.0,2014-03-31 09:17:51
15115.38122,479.1,2014-04-02 04:47:41
31755.29941,432.0,2014-04-02 23:09:12
16671.31062,488.175,2014-04-01 17:15:36
32264.55513,468.037,2014-03-31 16:13:22
38328.34851,443.854,2014-04-03 16:46:26
16681.89833,482.9,2014-04-01 15:05:06
28751.7271,460.864,2014-03-31 18:18:32
12747.99111,465.0,2014-04-02 14:13:21
16352.82234,452.388,2014-04-04 12:36:42
26534.54686,465.786,2014-04-01 01:24:06
19885.25072,469.996,2014-04-01 04:44:20
35785.47538,442.0,2014-04-03 17:31:30
15177.24654,478.479,2014-04-02 04:42:40
23600.57476,471.027,2014-03-30 22:12:02
20168.18192,438.175,2014-04-04 02:10:27
22582.83469,446.4,2014-04-03 21:23:34
11359.44473,494.4,2014-04-02 10:33:05
32827.35964,434.293,2014-04-02 22:29:09
15427.59031,487.501,2014-04-01 09:39:41
11262.54355,492.122,2014-04-02 11:58:11
16889.82029,441.699,2014-04-04 13:51:49
26053.9355,465.248,2014-04-01 02:24:11
33770.56276,424.3,2014-04-03 02:49:34
24219.47644,465.89,2014-03-30 23:02:07
16643.25473,486.667,2014-04-01 17:41:43
32930.83531,425.0,2014-04-03 00:54:21
27992.86886,460.02,2014-03-31 20:18:43
29073.44425,443.069,2014-04-02 19:28:50
21811.33756,438.0,2014-04-02 18:08:39
34945.60331,425.868,2014-04-03 05:59:54
19501.46298,437.352,2014-04-04 03:20:35
21708.73654,439.542,2014-04-04 00:25:16
24224.15396,468.636,2014-03-30 22:37:06
16701.66006,490.0,2014-04-01 10:29:44
31370.6285,430.0,2014-04-02 23:19:12
15424.71001,445.999,2014-04-04 16:17:05
28458.3167,457.0,2014-03-31 18:48:35
25549.30916,434.032,2014-04-02 18:43:43
14214.69743,480.01,2014-04-02 07:02:50
34911.70593,428.183,2014-04-03 04:24:43
24224.71717,464.474,2014-03-30 23:27:12
17080.53901,487.978,2014-04-01 22:02:05
33425.36227,416.945,2014-04-03 02:19:29
33618.58749,435.531,2014-04-02 20:43:59
28850.57182,462.5,2014-03-31 18:03:31
20343.94237,442.599,2014-04-04 01:30:22
23564.02728,444.69,2014-04-03 20:18:25
16616.63561,479.12,2014-04-01 14:50:04
32270.32601,426.323,2014-04-02 22:49:10
20001.15431,439.962,2014-04-04 02:20:27
23905.29784,475.024,2014-03-30 22:22:02
34186.71952,426.289,2014-04-03 03:44:39
12385.901,471.24,2014-04-02 14:03:20
24686.98092,466.699,2014-04-01 00:09:01
24485.80554,431.923,2014-04-02 18:28:42
33267.93713,420.2,2014-04-03 02:09:29
16919.1138,488.969,2014-04-01 11:54:50
24251.67703,464.476,2014-03-30 23:12:09
20950.87919,425.0,2014-04-02 17:58:39
20801.65683,439.525,2014-04-04 00:50:17
32331.79562,432.636,2014-04-02 20:13:56
31380.19185,435.742,2014-04-02 23:39:14
17477.98339,482.095,2014-04-01 22:32:12
24204.77538,468.838,2014-03-30 22:52:07
22465.16429,444.0,2014-04-03 21:53:38
18993.03193,433.72,2014-04-04 04:10:41
14635.87172,480.92,2014-04-02 06:52:49
35024.53304,427.8,2014-04-03 05:19:50
29189.69048,461.136,2014-03-31 17:58:31
27993.81742,438.6,2014-04-02 19:13:46
16862.52568,443.629,2014-04-04 13:56:50
33602.29415,416.95,2014-04-03 02:34:31
12401.67561,482.0,2014-04-01 07:44:33
21572.21076,472.028,2014-03-31 01:02:17
13691.92504,445.0,2014-04-04 17:02:11
20290.1182,442.499,2014-04-04 01:50:26
31338.19794,441.201,2014-04-03 18:21:35
32996.55314,439.96,2014-04-02 21:54:04
23381.11328,459.5,2014-03-31 22:53:55
37309.23194,460.177,2014-03-31 12:38:06
23864.32379,428.2,2014-04-02 18:23:42
31526.76941,435.0,2014-04-02 23:59:17
15111.6607,481.11,2014-04-02 05:02:42
33969.11253,423.0,2014-04-03 02:59:35
32874.78294,430.0,2014-04-02 22:34:10
16662.75705,492.6,2014-04-01 16:20:10
37056.13529,431.696,2014-04-03 15:05:50
20157.97211,439.041,2014-04-04 02:15:28
23733.24196,473.549,2014-03-30 22:17:02
29234.69658,432.5,2014-04-02 19:33:51
29585.61872,463.8,2014-03-31 17:43:29
21161.70073,437.541,2014-04-04 00:45:17
20000.50149,428.113,2014-04-02 17:43:38
33194.35658,424.004,2014-04-03 01:19:23
16612.48682,483.165,2014-04-01 21:02:00
24241.42727,464.474,2014-03-30 23:07:08
26523.447,443.45,2014-04-02 18:58:45
26113.76747,457.998,2014-03-31 21:18:46
34979.18251,427.392,2014-04-03 04:34:45
18829.54833,479.0,2014-04-01 23:42:20
31361.73502,432.984,2014-04-02 23:24:12
16614.1583,484.543,2014-04-01 15:35:07
24245.49255,471.0,2014-03-30 22:42:06
19252.03779,434.682,2014-04-04 04:05:39
32815.87736,465.0,2014-03-31 15:23:19
33300.2182,433.166,2014-04-02 21:09:01
11893.42541,484.399,2014-04-02 13:38:18
22532.87636,445.451,2014-04-03 20:53:29
20320.48032,440.221,2014-04-04 01:40:23
16909.12503,489.0,2014-04-01 11:59:51
33480.2631,418.989,2014-04-03 02:24:30
23403.09505,463.988,2014-03-30 23:52:12
11896.4663,484.0,2014-04-02 13:13:17
34286.34265,425.0,2014-04-03 03:49:40
25221.02757,436.0,2014-04-02 18:38:44
34298.20317,461.367,2014-03-31 14:03:15
19670.09921,437.244,2014-04-04 02:55:32
24173.53896,472.667,2014-03-30 22:27:05
16677.54871,488.997,2014-04-01 17:56:44
32281.86742,432.0,2014-04-02 22:59:11
20367.28218,440.64,2014-04-04 01:20:21
36911.77295,432.877,2014-04-03 15:15:50
11327.50504,493.503,2014-04-02 10:08:02
23960.18247,456.9,2014-03-31 23:23:57
32810.75836,430.222,2014-04-02 20:18:56
24245.88853,466.872,2014-03-30 23:17:09
33302.80275,420.01,2014-04-03 02:14:29
34978.8666,426.001,2014-04-03 05:49:52
13064.56112,466.0,2014-04-02 14:38:24
28350.55367,438.0,2014-04-02 19:23:50
26284.92409,456.412,2014-03-31 20:58:45
24211.46598,466.415,2014-03-30 22:57:07
20345.02738,433.59,2014-04-04 06:00:52
16633.91604,487.997,2014-04-01 18:06:45
31507.78141,436.249,2014-04-02 23:54:16
12879.88063,483.057,2014-04-02 08:27:57
20254.05778,442.39,2014-04-04 01:55:26
37520.09527,452.02,2014-03-31 11:58:04
32935.19117,436.995,2014-04-02 22:19:06
32594.21998,468.041,2014-03-31 16:03:22
33634.69581,417.995,2014-04-03 02:39:32
16425.42737,487.5,2014-04-01 13:24:57
37278.70372,454.21,2014-03-31 08:22:47
19004.6188,441.0,2014-04-04 09:26:15
15881.54553,452.316,2014-04-02 16:38:33
16645.52863,482.976,2014-04-01 20:56:59
12382.72827,481.999,2014-04-01 07:59:34
35343.33836,420.797,2014-04-03 06:49:57
37211.31016,452.099,2014-03-31 07:02:41
11302.90834,493.33,2014-04-02 09:48:01
13563.35251,492.0,2014-04-01 08:24:35
37747.96279,423.799,2014-04-03 09:50:15
16239.70726,445.823,2014-04-04 13:16:45
37533.62643,454.5,2014-03-31 10:37:58
16657.49681,482.535,2014-04-01 15:10:06
26470.91962,467.011,2014-04-01 01:34:06
22499.82747,445.8,2014-04-03 21:38:35
23178.2066,477.029,2014-03-31 04:07:30
15715.40152,483.0,2014-04-02 03:02:34
36698.78,440.0,2014-04-03 16:01:22
18251.43992,471.5,2014-04-01 04:54:21
17194.35767,445.88,2014-04-04 15:22:00
15742.2779,483.0,2014-04-02 02:42:33
17838.15836,446.209,2014-04-04 10:36:20
27665.46489,455.598,2014-03-31 04:37:33
37027.30535,444.89,2014-04-03 16:11:21
16687.99179,488.28,2014-04-01 10:39:45
36755.36915,412.84,2014-04-03 07:25:01
16667.1394,488.999,2014-04-01 17:51:45
37189.3599,460.91,2014-03-31 12:48:07
16477.36896,451.985,2014-04-04 12:16:32
12484.28954,487.956,2014-04-02 09:13:00
37139.59485,454.498,2014-03-31 09:02:50
16648.46243,441.773,2014-04-04 15:37:02
39461.81983,427.996,2014-04-03 14:00:43
11638.92536,472.0,2014-04-01 06:29:28
22712.99657,446.88,2014-04-03 20:33:26
16364.38284,486.135,2014-04-01 19:11:51
37336.55195,450.085,2014-03-31 09:52:54
18804.52304,444.0,2014-04-04 10:11:18
15674.93302,466.0,2014-04-01 05:19:24
25679.76635,457.0,2014-04-01 00:34:03
20336.42177,423.709,2014-04-02 17:48:39
39671.60184,437.465,2014-04-03 12:30:33
15636.1414,482.1,2014-04-02 03:17:36
21904.54571,447.193,2014-04-03 22:58:44
34302.5653,460.234,2014-03-31 13:58:12
18137.56352,470.799,2014-04-01 04:59:21
16748.51941,454.07,2014-04-04 12:06:29
12403.3056,486.88,2014-04-02 08:57:59
16955.02029,490.888,2014-04-01 11:34:49
39495.91874,432.008,2014-04-03 11:40:26
15868.5513,452.845,2014-04-02 16:23:32
15788.79602,482.751,2014-04-02 01:42:29
37259.81525,449.0,2014-03-31 06:52:41
19073.21556,441.0,2014-04-04 09:11:13
26450.82198,467.0,2014-04-01 01:44:07
31588.28949,431.99,2014-04-02 23:14:13
21280.64662,440.469,2014-04-04 07:26:02
15790.1089,484.673,2014-04-02 02:07:30
37653.13957,420.742,2014-04-03 07:45:04
37654.01229,458.98,2014-03-31 12:13:05
38848.62022,428.698,2014-04-03 14:25:45
24077.10595,459.196,2014-03-31 22:08:51
19005.31898,439.5,2014-04-04 09:21:14
36376.68762,452.972,2014-03-31 06:02:37
17123.37951,479.012,2014-04-02 00:32:24
16180.3231,443.544,2014-04-04 16:02:04
21892.62417,446.888,2014-04-03 23:13:45
23512.20701,435.36,2014-04-02 18:18:41
16819.67254,486.3,2014-04-01 12:09:51
37462.08871,453.5,2014-03-31 11:43:03
38407.23334,436.805,2014-04-03 10:40:20
26452.27977,442.95,2014-04-03 19:38:17
26028.27344,470.516,2014-04-01 03:59:18
34333.29479,460.421,2014-03-31 13:38:13
12889.02328,482.6,2014-04-02 08:22:57
15768.40064,449.004,2014-04-02 15:58:31
17360.51406,449.7,2014-04-04 10:51:22
28010.64331,457.4,2014-03-31 20:28:44
23867.41138,456.19,2014-03-31 23:18:57
39766.63591,425.237,2014-04-03 13:50:43
18557.51898,487.92,2014-04-01 23:02:16
22284.99498,483.17,2014-03-31 03:37:29
19276.12936,432.7,2014-04-04 04:00:40
21562.47941,440.201,2014-04-04 00:08:52
12159.81802,475.929,2014-04-02 13:53:19
16468.40975,487.68,2014-04-01 18:36:48
21409.70233,471.63,2014-04-01 04:34:19
35023.01465,427.99,2014-04-03 05:14:50
22677.99545,467.5,2014-03-31 00:12:15
15132.11672,478.0,2014-04-02 05:42:46
25409.43538,459.853,2014-04-01 00:24:01
37177.72005,421.36,2014-04-03 07:40:02
22474.40647,439.0,2014-04-04 07:01:01
22212.62536,483.499,2014-03-31 02:47:25
16799.1491,484.999,2014-04-01 12:19:51
23453.09864,459.926,2014-03-31 22:33:54
11164.27479,493.788,2014-04-02 11:18:09
39476.14356,435.0,2014-04-03 12:45:36
21863.78465,482.886,2014-03-31 01:17:19
15799.19683,484.7,2014-04-02 01:47:30
39395.20495,435.917,2014-04-03 11:25:23
23911.83471,459.357,2014-03-31 22:18:51
19318.56611,442.85,2014-04-04 08:36:09
22573.5806,447.182,2014-04-03 21:28:34
18875.34038,479.237,2014-04-01 23:22:17
20177.47278,429.99,2014-04-04 05:55:52
21677.41473,467.0,2014-03-31 00:42:16
39113.46458,433.74,2014-04-03 11:10:22
22191.68562,472.264,2014-04-01 04:29:19
34952.21293,432.251,2014-04-03 04:29:45
16626.05267,483.879,2014-04-01 15:15:05
37706.6847,456.815,2014-03-31 07:47:45
18921.65946,432.997,2014-04-04 04:15:42
15762.47898,482.999,2014-04-02 01:32:28
31573.18327,450.01,2014-03-31 05:12:34
21758.54244,443.001,2014-04-04 07:21:02
36900.33034,421.193,2014-04-03 10:00:15
26056.77047,466.99,2014-04-01 02:29:10
38476.53769,427.43,2014-04-03 14:40:46
16530.16622,484.11,2014-04-01 12:54:55
22398.97776,473.709,2014-03-31 04:02:30
19305.83438,434.0,2014-04-04 03:55:40
22562.96926,447.873,2014-04-03 21:18:31
25955.01555,467.384,2014-04-01 02:54:14
31635.37016,463.429,2014-03-31 16:23:23
11873.3561,481.521,2014-04-02 13:03:16
34954.92927,426.735,2014-04-03 05:29:51
33190.95544,425.0,2014-04-03 01:34:24
17330.37429,483.736,2014-04-01 22:27:10
37841.48553,447.198,2014-04-03 16:56:27
19455.4107,426.0,2014-04-04 05:35:50
37677.1162,458.03,2014-03-31 07:27:43
33049.31479,433.0,2014-04-02 21:14:01
26949.91784,457.898,2014-03-31 20:43:45
19298.66073,442.854,2014-04-04 08:41:10
15142.87372,480.0,2014-04-02 05:27:43
37200.45238,455.93,2014-03-31 08:47:49
12117.369,480.0,2014-04-01 06:59:30
38031.67125,415.117,2014-04-03 08:05:05
15641.82806,483.0,2014-04-02 03:12:35
16366.85006,487.527,2014-04-01 19:26:53
23623.98972,470.542,2014-03-31 04:12:30
22599.37244,435.37,2014-04-04 06:35:57
25845.771,456.999,2014-03-31 21:43:50
15528.77514,457.38,2014-04-02 15:48:30
19388.70106,429.001,2014-04-04 05:30:50
15809.18931,480.352,2014-04-02 00:52:24
34152.82657,423.799,2014-04-03 03:39:38
34519.42527,462.0,2014-03-31 05:37:36
15164.71524,448.673,2014-04-02 15:33:28
38188.16811,418.5,2014-04-03 09:20:11
28757.27452,461.887,2014-03-31 18:13:32
22598.80725,442.22,2014-04-04 07:06:01
21907.54732,476.14,2014-03-31 01:27:19
16675.85417,489.0,2014-04-01 21:12:02
20971.42098,428.55,2014-04-04 06:15:55
25490.10582,443.989,2014-04-03 19:58:20
11191.7575,494.949,2014-04-02 12:13:12
14276.70242,490.55,2014-04-01 09:04:39
22275.79743,483.182,2014-03-31 03:32:28
35396.6163,421.07,2014-04-03 06:59:59
36966.99565,430.0,2014-04-03 10:15:17
24297.34761,465.072,2014-04-01 00:04:01
37572.1192,455.5,2014-03-31 07:22:43
17203.44498,441.0,2014-04-04 14:21:51
17066.04031,486.787,2014-04-01 21:42:03
11129.48142,491.51,2014-04-02 11:08:07
22478.0942,435.0,2014-04-04 06:45:58
33756.55507,460.01,2014-03-31 14:33:16
33114.30006,424.283,2014-04-03 01:09:22
26420.62336,459.799,2014-03-31 20:53:45
37882.85415,421.003,2014-04-03 09:30:12
16371.59368,487.9,2014-04-01 19:01:50
37240.02279,450.0,2014-03-31 09:42:53
17258.01355,445.0,2014-04-04 15:11:59
26021.1405,442.996,2014-04-02 18:48:44
15798.87435,480.913,2014-04-02 01:17:27
16744.08221,490.033,2014-04-01 10:14:43
39833.10811,437.0,2014-04-03 12:10:31
37527.98841,454.932,2014-03-31 10:32:58
15686.853,452.0,2014-04-02 15:53:30
16596.61257,482.985,2014-04-01 15:20:06
39605.07457,428.0,2014-04-03 13:55:43
14536.76252,448.0,2014-04-04 16:37:09
30792.64442,463.502,2014-03-31 16:33:24
16330.51735,485.489,2014-04-01 20:26:58
16882.93493,489.2,2014-04-01 11:14:49
20467.18743,441.41,2014-04-04 01:10:19
37537.25904,453.99,2014-03-31 08:12:46
13854.17885,482.413,2014-04-02 07:12:52
30022.46381,441.551,2014-04-03 18:36:37
14013.01003,486.0,2014-04-01 08:49:37
13704.93716,478.005,2014-04-02 07:47:54
16559.29075,443.5,2014-04-04 15:42:02
36983.79857,449.229,2014-03-31 06:47:40
22494.58484,442.256,2014-04-03 21:43:35
16428.15958,486.318,2014-04-01 14:15:01
39492.32474,431.505,2014-04-03 11:35:23
17066.8224,488.92,2014-04-01 21:57:04
30027.82259,463.506,2014-03-31 17:18:28
11180.79298,491.863,2014-04-02 10:58:06
34152.26858,462.95,2014-03-31 14:23:15
27608.49797,442.0,2014-04-03 19:23:16
16913.34418,490.6,2014-04-01 11:24:49
20367.75043,441.412,2014-04-04 01:25:21
15112.57671,480.0,2014-04-02 04:52:41
37511.55546,452.638,2014-03-31 10:58:00
14962.28971,493.431,2014-04-01 09:24:40
12440.56618,487.15,2014-04-01 08:09:34
25924.29761,442.018,2014-04-03 19:48:20
13614.1458,483.229,2014-04-02 07:37:54
32041.05478,466.13,2014-03-31 16:18:23
12546.66338,481.821,2014-04-01 07:24:32
16193.34571,445.0,2014-04-04 15:57:03
11246.89124,491.113,2014-04-02 12:08:12
16631.78214,492.044,2014-04-01 17:00:27
36989.90221,439.0,2014-04-03 15:51:20
15387.17835,483.1,2014-04-02 04:12:39
33704.22998,461.772,2014-03-31 14:38:16
16772.28545,448.98,2014-04-04 11:51:28
12839.6629,467.006,2014-04-01 05:44:24
16200.78976,451.701,2014-04-04 12:56:42
15191.70006,481.808,2014-04-02 04:32:40
38680.89855,428.699,2014-04-03 14:30:45
28168.66399,459.0,2014-03-31 19:48:39
30807.72269,441.231,2014-04-03 18:26:36
25966.26978,470.001,2014-04-01 03:19:15
16570.61378,443.499,2014-04-04 13:36:48
37298.30915,455.0,2014-03-31 08:32:48
15243.15713,482.0,2014-04-02 04:27:40
32963.84055,437.0,2014-04-02 22:09:06
16608.93714,491.031,2014-04-01 16:35:12
32847.28469,469.1,2014-03-31 15:38:20
36802.68292,447.9,2014-04-03 16:06:23
16375.68896,483.717,2014-04-01 14:00:00
29855.06476,462.54,2014-03-31 17:33:29
11892.36905,480.0,2014-04-02 13:48:19
16753.40298,448.102,2014-04-04 12:01:31
26493.3315,467.565,2014-04-01 01:19:05
25908.96411,469.605,2014-04-01 03:29:16
38144.00138,443.543,2014-04-03 16:41:26
15357.77991,483.1,2014-04-02 04:17:39
22212.4702,483.66,2014-03-31 02:22:23
19748.64997,436.729,2014-04-04 02:50:31
22348.24368,443.0,2014-04-03 22:23:40
11222.80607,491.51,2014-04-02 10:53:06
16399.06783,485.082,2014-04-01 13:55:00
15339.75283,452.11,2014-04-02 15:38:28
26062.09586,472.0,2014-04-01 03:49:17
34986.48694,423.5,2014-04-03 04:39:46
23506.6776,463.86,2014-03-30 23:47:11
17081.52807,489.192,2014-04-01 21:47:05
23526.53033,464.73,2014-03-31 23:03:56
35163.69652,422.4,2014-04-03 06:34:57
20812.09282,432.0,2014-04-04 06:05:55
21734.98112,479.5,2014-03-31 01:12:18
16869.28035,487.615,2014-04-01 11:09:48
33176.30161,425.0,2014-04-03 01:39:25
28299.2919,460.358,2014-03-31 19:33:38
28259.43148,438.501,2014-04-02 19:18:47
11527.6796,495.983,2014-04-02 10:03:02
38271.79555,421.8,2014-04-03 08:35:08
22463.66025,470.0,2014-03-31 00:17:15
17224.29138,480.8,2014-04-02 00:27:22
35039.64244,426.0,2014-04-03 04:59:48
26636.12012,456.842,2014-03-31 20:48:45
20817.33861,444.433,2014-04-04 07:41:04
22587.43691,446.0,2014-04-03 20:43:27
16387.85639,489.799,2014-04-01 19:31:51
31555.14335,436.743,2014-04-03 00:04:17
19404.30883,436.022,2014-04-04 03:45:37
24192.11772,471.165,2014-03-30 22:47:06
38043.84689,415.0,2014-04-03 08:15:06
16049.6942,446.5,2014-04-02 16:53:34
26418.43761,465.76,2014-04-01 01:49:07
32943.43792,438.0,2014-04-02 21:34:03
34122.65626,423.251,2014-04-03 03:29:38
16385.50641,488.863,2014-04-01 13:44:59
33479.4502,462.178,2014-03-31 05:22:36
20512.74135,441.0,2014-04-04 01:05:20
32954.4165,438.799,2014-04-02 21:49:03
18780.50429,480.017,2014-04-01 23:12:17
22200.31224,482.988,2014-03-31 03:17:26
21266.1955,439.0,2014-04-04 00:35:15
19124.80325,431.722,2014-04-04 05:00:46
11574.92224,485.997,2014-04-02 12:33:13
38197.33923,419.49,2014-04-03 08:20:06
26913.46632,464.014,2014-04-01 00:54:04
17250.35596,445.003,2014-04-04 15:17:00
34091.24122,424.263,2014-04-03 03:19:37
15719.41402,484.53,2014-04-01 09:44:42
21971.84387,483.016,2014-03-31 01:52:22
19475.57005,436.022,2014-04-04 03:40:37
28098.41421,446.0,2014-04-03 19:11:44
33186.17991,424.084,2014-04-03 01:44:25
26848.4469,466.113,2014-04-01 01:09:06
34194.16469,462.9,2014-03-31 14:18:15
31824.73595,438.469,2014-04-02 20:08:56
32751.07592,420.0,2014-04-03 00:49:21
13573.99403,481.777,2014-04-02 08:17:57
34089.8121,423.343,2014-04-03 03:24:37
31628.45294,433.2,2014-04-03 00:19:19
16521.18484,488.981,2014-04-01 18:21:46
36845.93638,441.0,2014-04-03 15:45:53
19080.86763,428.722,2014-04-04 04:45:45
22169.06652,479.0,2014-03-31 03:12:27
31400.94244,429.284,2014-04-02 20:03:56
28775.56972,462.288,2014-03-31 18:08:31
19327.34415,431.023,2014-04-04 05:20:48
18338.33082,478.33,2014-04-01 22:47:14
30109.40957,459.9,2014-03-31 04:52:34
32953.53628,437.683,2014-04-02 21:44:04
17271.95299,465.959,2014-04-01 05:09:22
35052.92358,424.97,2014-04-03 05:09:48
17990.52221,480.0,2014-04-02 00:12:22
32241.80648,422.715,2014-04-03 00:34:20
16583.15841,488.0,2014-04-01 18:11:46
21543.79938,470.0,2014-03-31 00:57:17
19076.86223,430.985,2014-04-04 04:50:45
26152.77846,455.135,2014-03-31 21:03:45
12791.2219,468.103,2014-04-02 14:18:21
21862.83052,446.891,2014-04-03 23:18:46
19906.27013,438.442,2014-04-04 02:30:30
16556.29232,487.04,2014-04-01 18:16:46
34070.44697,423.0,2014-04-03 03:14:37
25421.64056,469.601,2014-03-31 04:27:32
13779.19293,458.123,2014-04-02 14:53:25
34963.856,425.2,2014-04-03 05:39:51
33323.48296,434.836,2014-04-02 20:54:00
33561.48075,460.693,2014-03-31 14:43:17
19590.63422,425.36,2014-04-04 05:40:50
21556.18479,473.1,2014-03-31 01:07:18
16369.2039,485.345,2014-04-01 20:21:57
33051.65446,424.923,2014-04-03 01:04:21
18958.04976,431.503,2014-04-04 04:20:42
37527.66053,448.999,2014-04-03 17:01:28
11198.24857,494.0,2014-04-02 11:33:08
14629.5389,468.29,2014-04-01 05:29:25
32869.97177,436.0,2014-04-02 21:29:02
21885.49324,480.0,2014-03-31 01:42:21
34847.22555,429.845,2014-04-03 04:14:42
38262.45636,419.599,2014-04-03 08:25:06
24812.78398,437.949,2014-04-02 18:33:44
25489.10008,455.133,2014-03-31 21:53:51
22108.0519,481.0,2014-03-31 02:07:22
19154.69009,441.0,2014-04-04 09:06:13
16406.68605,488.58,2014-04-01 18:56:50
12132.24453,487.473,2014-04-02 09:18:00
19866.31099,437.999,2014-04-04 02:35:30
37323.30512,462.99,2014-03-31 12:33:06
31375.79272,433.316,2014-04-02 23:29:13
30035.00376,464.0,2014-03-31 17:23:28
35086.79284,420.046,2014-04-03 06:29:57
16506.05821,488.5,2014-04-01 18:26:46
37036.54875,453.0,2014-03-31 09:22:51
17094.39088,444.494,2014-04-04 14:06:50
21384.50693,425.518,2014-04-02 18:03:39
17209.09152,491.617,2014-04-01 22:17:06
14377.47278,490.0,2014-04-01 09:09:39
37855.03881,422.52,2014-04-03 09:40:14
37290.24537,454.175,2014-03-31 08:37:48
11861.14153,482.113,2014-04-02 13:33:18
16487.10944,485.0,2014-04-01 12:59:56
39344.94372,434.648,2014-04-03 11:20:22
17144.72891,444.99,2014-04-04 15:27:00
35106.46433,466.989,2014-03-31 13:08:09
16630.52084,494.973,2014-04-01 16:55:28
12499.26805,470.848,2014-04-01 05:54:25
21711.45174,444.05,2014-04-03 23:48:50
37245.17712,450.57,2014-03-31 06:57:41
15133.43296,478.0,2014-04-02 05:37:44
34517.08657,444.785,2014-04-03 17:51:33
11636.62716,474.0,2014-04-01 06:34:29
15145.7036,480.499,2014-04-02 05:47:46
17209.39719,445.0,2014-04-04 14:31:54
36287.74826,452.917,2014-03-31 05:57:37
24324.38827,446.14,2014-04-03 20:08:21
16382.789,488.0,2014-04-01 13:14:57
38273.07512,421.7,2014-04-03 08:40:08
16344.72716,488.855,2014-04-01 19:41:52
30332.48428,467.878,2014-03-31 16:48:25
14033.13847,445.833,2014-04-04 16:57:10
11351.77855,494.0,2014-04-02 10:23:03
37468.85659,454.0,2014-03-31 11:08:00
38948.03385,429.705,2014-04-03 14:15:44
14038.05299,491.0,2014-04-01 08:54:37
21619.48312,444.01,2014-04-03 23:58:51
16792.79567,479.99,2014-04-02 00:37:24
37525.86377,453.436,2014-03-31 10:42:59
16819.9637,453.3,2014-04-04 11:41:27
12387.63405,483.799,2014-04-01 07:39:32
25993.67455,470.002,2014-04-01 03:14:15
37030.12093,446.0,2014-04-03 17:21:29
14015.96203,480.5,2014-04-02 07:07:50
32766.51456,465.1,2014-03-31 15:28:19
11690.21723,476.25,2014-04-01 06:44:30
16260.32634,453.944,2014-04-04 12:51:42
11774.84826,490.543,2014-04-02 09:33:00
16435.01462,486.537,2014-04-01 14:25:02
39623.28368,430.3,2014-04-03 13:10:38
15900.51056,453.8,2014-04-02 16:43:33
15619.49756,483.0,2014-04-02 03:27:35
37490.32238,454.873,2014-03-31 11:03:00
17591.02916,452.5,2014-04-04 10:41:21
20546.01416,470.922,2014-04-01 04:39:20
18777.48514,442.766,2014-04-04 10:06:18
15473.68677,481.164,2014-04-02 03:47:38
38865.73537,432.425,2014-04-03 10:55:21
35368.54321,463.484,2014-03-31 12:58:08
37218.29532,444.001,2014-04-03 17:16:28
26457.87213,467.0,2014-04-01 01:39:06
17139.56783,450.0,2014-04-04 11:11:24
37628.84162,457.046,2014-03-31 07:52:45
15788.54454,485.5,2014-04-02 02:17:32
33524.08366,433.0,2014-04-02 20:38:59
16408.81359,484.543,2014-04-01 15:50:08
34458.96363,457.064,2014-03-31 13:33:12
39555.00608,433.0,2014-04-03 12:50:36
11646.5919,474.99,2014-04-01 06:39:29
32857.8361,469.0,2014-03-31 15:43:21
11493.93228,498.0,2014-04-02 09:58:02
17080.08181,435.0,2014-04-02 17:03:36
17091.0289,451.56,2014-04-04 11:16:25
24024.55419,458.98,2014-03-31 22:13:51
26663.61571,465.76,2014-04-01 01:14:05
37740.95221,441.1,2014-04-03 16:26:24
15786.11874,480.149,2014-04-02 01:07:26
22342.19306,477.73,2014-03-31 03:57:30
21162.87963,447.214,2014-04-04 07:36:03
14541.83081,458.424,2014-04-02 15:08:26
16314.01404,487.0,2014-04-01 20:36:57
11748.96333,468.996,2014-04-01 06:14:27
34946.3344,426.138,2014-04-03 05:54:53
29158.45338,467.016,2014-03-31 04:47:34
13403.89355,483.999,2014-04-02 07:27:53
26296.74567,464.851,2014-04-01 01:59:09
38213.38717,417.886,2014-04-03 09:10:11
16907.76175,452.0,2014-04-04 11:31:26
37594.24622,454.599,2014-03-31 08:02:46
16655.60816,483.043,2014-04-01 12:39:55
24865.58459,467.999,2014-04-01 00:14:00
11221.16016,493.576,2014-04-02 11:48:11
39109.10421,428.992,2014-04-03 14:10:44
22187.71632,480.21,2014-03-31 03:07:26
15788.06181,485.0,2014-04-02 02:22:31
39650.47903,430.0,2014-04-03 13:20:38
25335.90771,460.978,2014-04-01 00:19:01
16422.21443,453.0,2014-04-04 12:26:33
21728.27323,442.899,2014-04-04 00:13:53
18744.03761,477.43,2014-04-01 23:47:21
19597.92009,443.25,2014-04-04 08:11:08
22041.39746,485.827,2014-03-31 02:02:23
39730.42347,429.915,2014-04-03 13:30:39
13750.92321,490.2,2014-04-01 08:39:36
35088.84552,423.302,2014-04-03 06:19:56
16640.3945,492.0,2014-04-01 16:25:13
37510.39948,453.436,2014-03-31 10:27:58
22581.17018,441.15,2014-04-04 07:11:02
15629.83917,482.0,2014-04-02 03:22:37
36830.86462,448.398,2014-03-31 06:17:38
18173.51718,445.1,2014-04-04 10:21:18
39932.20345,435.002,2014-04-03 12:20:32
25638.36174,472.81,2014-04-01 04:04:19
36941.49415,435.0,2014-04-03 15:20:51
16631.97204,490.05,2014-04-01 17:10:34
36647.97239,449.985,2014-03-31 06:07:38
19070.84004,440.98,2014-04-04 09:16:14
21752.22957,444.17,2014-04-03 23:43:48
25883.96453,466.66,2014-04-01 03:39:16
28367.71323,458.9,2014-03-31 19:08:36
13359.60538,473.573,2014-04-02 14:48:25
38639.82825,434.985,2014-04-03 10:45:20
15769.06637,481.5,2014-04-02 01:22:27
24042.5601,444.101,2014-04-03 20:13:22
16175.46687,452.24,2014-04-04 13:06:45
37082.21874,452.58,2014-03-31 09:12:51
24114.49102,460.474,2014-03-31 23:53:59
18836.70369,440.15,2014-04-04 09:51:16
13823.93,477.418,2014-04-02 07:52:55
37509.08851,451.287,2014-03-31 11:53:03
12622.56239,489.5,2014-04-01 08:14:35
37557.29209,423.0,2014-04-03 09:55:15
15160.61326,476.654,2014-04-02 06:17:46
18879.22533,479.007,2014-04-01 23:17:18
36898.48429,449.33,2014-03-31 06:32:39
19610.55584,442.0,2014-04-04 08:16:08
23970.91967,461.96,2014-03-31 23:28:58
16514.89735,441.288,2014-04-02 16:58:35
20886.24236,430.0,2014-04-04 06:10:55
15776.33408,480.335,2014-04-02 01:12:26
35079.81062,423.0,2014-04-03 06:24:56
37358.91304,452.32,2014-03-31 07:17:42
39999.41982,437.49,2014-04-03 12:15:32
28728.58411,458.99,2014-03-31 18:28:33
19610.45724,443.0,2014-04-04 08:06:07
24277.80324,456.614,2014-03-31 04:22:32
17258.09905,487.932,2014-04-01 22:22:08
16706.13736,450.0,2014-04-04 11:46:28
22354.58963,442.01,2014-04-03 22:18:38
11854.49814,484.0,2014-04-02 13:28:18
16438.03886,491.5,2014-04-01 09:59:43
37411.65879,449.0,2014-03-31 10:12:57
37987.68942,412.5,2014-04-03 08:00:04
29146.23897,452.727,2014-04-03 18:56:40
26090.54886,465.25,2014-04-01 02:14:10
37417.76891,459.5,2014-03-31 12:28:06
15089.01988,479.111,2014-04-02 05:07:43
11885.1586,483.324,2014-04-02 13:08:17
18951.42703,440.085,2014-04-04 09:36:16
28367.58358,459.99,2014-03-31 19:13:37
33170.90283,423.69,2014-04-03 01:49:26
23421.77867,458.29,2014-03-31 22:48:55
39670.27162,432.8,2014-04-03 12:00:26
17060.1264,486.298,2014-04-01 21:32:04
37469.92803,451.585,2014-03-31 11:13:01
15214.73646,445.362,2014-04-04 16:22:06
33069.24933,439.439,2014-04-02 21:59:05
15717.03659,482.999,2014-04-02 02:57:35
16553.63839,483.557,2014-04-01 12:44:55
39767.13578,432.28,2014-04-03 13:45:40
34275.31147,458.128,2014-03-31 13:53:14
17723.18676,433.729,2014-04-02 17:18:37
16365.89351,486.79,2014-04-01 19:06:51
26852.36646,443.999,2014-04-03 19:33:16
28368.21201,459.133,2014-03-31 19:23:37
17064.9108,486.966,2014-04-01 21:27:03
16397.64209,486.871,2014-04-01 13:39:58
34523.75135,462.42,2014-03-31 13:23:11
11228.07839,494.078,2014-04-02 11:53:11
28353.48633,450.555,2014-04-03 19:06:43
16961.37211,489.0,2014-04-01 11:29:49
11356.83521,492.093,2014-04-02 10:13:03
37301.2902,463.0,2014-03-31 12:43:07
21634.46576,444.12,2014-04-03 23:53:51
16393.60867,486.8,2014-04-01 16:05:09
38913.08157,428.962,2014-04-03 14:20:45
15798.60832,484.499,2014-04-02 02:02:30
28411.08999,457.917,2014-03-31 18:53:35
11241.26311,493.353,2014-04-02 11:43:10
28661.07845,457.916,2014-03-31 18:33:34
22044.38479,443.997,2014-04-03 22:38:43
16345.22685,484.3,2014-04-01 15:55:08
15107.10903,480.299,2014-04-02 06:37:48
37441.88398,452.0,2014-03-31 11:38:02
16804.44836,483.0,2014-04-01 12:14:51
16938.62264,491.0,2014-04-01 11:49:49
21838.3821,445.0,2014-04-03 23:28:48
11974.32891,487.001,2014-04-02 09:22:59
28496.23229,456.568,2014-03-31 18:43:34
13631.96814,490.52,2014-04-01 08:29:37
14628.51592,457.674,2014-04-02 15:23:27
16344.6031,488.2,2014-04-01 19:46:53
24764.50759,444.56,2014-04-03 20:03:20
15137.9413,480.026,2014-04-02 05:32:43
32927.29643,462.029,2014-03-31 15:18:19
16309.71101,453.0,2014-04-04 12:46:41
11705.36886,470.0,2014-04-01 06:19:28
17064.89137,443.33,2014-04-04 14:01:50
15146.03916,480.299,2014-04-02 06:32:48
36798.37727,438.172,2014-04-03 15:40:53
25945.07294,457.676,2014-03-31 21:38:50
23261.81703,445.0,2014-04-03 20:23:25
13850.70806,487.534,2014-04-01 08:44:37
17287.31925,446.0,2014-04-04 14:56:58
37137.85415,453.996,2014-03-31 09:32:52
15076.06331,481.899,2014-04-02 05:17:44
31430.63753,437.202,2014-04-02 23:44:14
16652.34942,489.797,2014-04-01 17:25:38
30298.76359,466.311,2014-03-31 16:53:26
33742.77499,445.2,2014-04-03 18:01:33
16649.73927,490.501,2014-04-01 16:30:13
28367.9413,458.0,2014-03-31 19:18:37
15938.0158,451.601,2014-04-02 16:48:34
16173.81115,453.8,2014-04-04 13:01:42
26239.9736,464.011,2014-04-01 02:04:09
13576.46749,467.871,2014-04-01 05:39:25
32822.44204,443.66,2014-04-03 18:11:34
15163.3293,480.383,2014-04-02 05:52:46
